ed.level,ed.level.c
? Select ?,Other
Associate's Degree,Associates
AssociateŠ—Ès Degree,Associates
Associates,Associates
Bachelor,Bachelor
Bachelor's,Bachelor
Bachelor's Degree,Bachelor
Bachelor's in progress,Bachelor - in progress
BachelorŠ—Ès,Bachelor
Bachelors,Bachelor
Bachelors in progress,Bachelor - in progress
Doctoral,Doctorate
Doctorate,Doctorate
High School,High School
Master,Masters
Master's,Masters
MasterŠ—Ès,Masters
Masters,Masters
Masters Degree,Masters
Masters in progress,Masters (in progress)
Professional Degree,Other
,Null